{"cameraMode":{"drawMode":0,"name":"Shaded","section":"Shading Mode"},"sceneLighting":true,"audioPlay":false,"sceneViewState":{"m_AlwaysRefresh":false,"showFog":true,"showSkybox":true,"showFlares":true,"showImageEffects":true,"showParticleSystems":true,"showVisualEffectGraphs":true,"m_FxEnabled":true},"in2DMode":false,"pivot":{"x":219.7247314453125,"y":254.4388427734375,"z":-47.906463623046878},"rotation":{"x":-0.019808538258075715,"y":-0.0009033138048835099,"z":0.00001808508750400506,"w":-0.9998024106025696},"size":199.67144775390626,"orthographic":false}