{"cameraMode":{"drawMode":0,"name":"Shaded","section":"Shading Mode"},"sceneLighting":true,"audioPlay":false,"sceneViewState":{"m_AlwaysRefresh":false,"showFog":true,"showSkybox":true,"showFlares":true,"showImageEffects":true,"showParticleSystems":true,"showVisualEffectGraphs":true,"m_FxEnabled":true},"in2DMode":false,"pivot":{"x":506.5664367675781,"y":95.33480834960938,"z":392.4049072265625},"rotation":{"x":-0.011798241175711155,"y":0.9496790766716003,"z":-0.035916246473789218,"w":-0.3110438883304596},"size":1.5011022090911866,"orthographic":false}